CountryName,RegionName,Date,PrescriptionIndex,C1_School closing,C2_Workplace closing,C3_Cancel public events,C4_Restrictions on gatherings,C5_Close public transport,C6_Stay at home requirements,C7_Restrictions on internal movement,C8_International travel controls,H1_Public information campaigns,H2_Testing policy,H3_Contact tracing,H6_Facial Coverings
United States,,2021-02-09,0,0.0,0.0,0.0,0.0,0.0,0.0,0.0,0.0,0.0,0.0,0.0,0.0
United States,,2021-02-10,0,0.0,0.0,0.0,0.0,0.0,0.0,0.0,0.0,0.0,0.0,0.0,0.0
United States,,2021-02-11,0,0.0,0.0,0.0,0.0,0.0,0.0,0.0,0.0,0.0,0.0,0.0,0.0
United States,,2021-02-12,0,0.0,0.0,0.0,0.0,0.0,0.0,0.0,0.0,0.0,0.0,0.0,0.0
United States,,2021-02-13,0,0.0,0.0,0.0,0.0,0.0,0.0,0.0,0.0,0.0,0.0,0.0,0.0
United States,,2021-02-14,0,0.0,0.0,0.0,0.0,0.0,0.0,0.0,0.0,0.0,0.0,0.0,0.0
United States,,2021-02-15,0,0.0,0.0,0.0,0.0,0.0,0.0,0.0,0.0,0.0,0.0,0.0,0.0
United States,,2021-02-16,0,0.0,0.0,0.0,0.0,0.0,0.0,0.0,0.0,0.0,0.0,0.0,0.0
United States,,2021-02-17,0,0.0,0.0,0.0,0.0,0.0,0.0,0.0,0.0,0.0,0.0,0.0,0.0
United States,,2021-02-18,0,0.0,0.0,0.0,0.0,0.0,0.0,0.0,0.0,0.0,0.0,0.0,0.0
United States,,2021-02-19,0,0.0,0.0,0.0,0.0,0.0,0.0,0.0,0.0,0.0,0.0,0.0,0.0
United States,,2021-02-20,0,0.0,0.0,0.0,0.0,0.0,0.0,0.0,0.0,0.0,0.0,0.0,0.0
United States,,2021-02-21,0,0.0,0.0,0.0,0.0,0.0,0.0,0.0,0.0,0.0,0.0,0.0,0.0
United States,,2021-02-22,0,0.0,0.0,0.0,0.0,0.0,0.0,0.0,0.0,0.0,0.0,0.0,0.0
United States,,2021-02-23,0,0.0,0.0,0.0,0.0,0.0,0.0,0.0,0.0,0.0,0.0,0.0,0.0
United States,,2021-02-24,0,0.0,0.0,0.0,0.0,0.0,0.0,0.0,0.0,0.0,0.0,0.0,0.0
United States,,2021-02-25,0,0.0,0.0,0.0,0.0,0.0,0.0,0.0,0.0,0.0,0.0,0.0,0.0
United States,,2021-02-26,0,0.0,0.0,0.0,0.0,0.0,0.0,0.0,0.0,0.0,0.0,0.0,0.0
United States,,2021-02-27,0,0.0,0.0,0.0,0.0,0.0,0.0,0.0,0.0,0.0,0.0,0.0,0.0
United States,,2021-02-28,0,0.0,0.0,0.0,0.0,0.0,0.0,0.0,0.0,0.0,0.0,0.0,0.0
United States,,2021-03-01,0,0.0,0.0,0.0,0.0,0.0,0.0,0.0,0.0,0.0,0.0,0.0,0.0
United States,,2021-03-02,0,0.0,0.0,0.0,0.0,0.0,0.0,0.0,0.0,0.0,0.0,0.0,0.0
United States,,2021-03-03,0,0.0,0.0,0.0,0.0,0.0,0.0,0.0,0.0,0.0,0.0,0.0,0.0
United States,,2021-03-04,0,0.0,0.0,0.0,0.0,0.0,0.0,0.0,0.0,0.0,0.0,0.0,0.0
United States,,2021-03-05,0,0.0,0.0,0.0,0.0,0.0,0.0,0.0,0.0,0.0,0.0,0.0,0.0
United States,,2021-03-06,0,0.0,0.0,0.0,0.0,0.0,0.0,0.0,0.0,0.0,0.0,0.0,0.0
United States,,2021-03-07,0,0.0,0.0,0.0,0.0,0.0,0.0,0.0,0.0,0.0,0.0,0.0,0.0
United States,,2021-03-08,0,0.0,0.0,0.0,0.0,0.0,0.0,0.0,0.0,0.0,0.0,0.0,0.0
United States,,2021-02-09,1,0.0,0.0,0.0,0.0,0.0,0.0,0.0,0.0,0.0,0.0,2.0,0.0
United States,,2021-02-10,1,0.0,0.0,0.0,0.0,0.0,0.0,0.0,0.0,0.0,0.0,2.0,0.0
United States,,2021-02-11,1,0.0,0.0,0.0,0.0,0.0,0.0,0.0,0.0,0.0,0.0,2.0,0.0
United States,,2021-02-12,1,0.0,0.0,0.0,0.0,0.0,0.0,0.0,0.0,0.0,0.0,2.0,0.0
United States,,2021-02-13,1,0.0,0.0,0.0,0.0,0.0,0.0,0.0,0.0,0.0,0.0,2.0,0.0
United States,,2021-02-14,1,0.0,0.0,0.0,0.0,0.0,0.0,0.0,0.0,0.0,0.0,2.0,0.0
United States,,2021-02-15,1,0.0,0.0,0.0,0.0,0.0,0.0,0.0,0.0,0.0,0.0,2.0,0.0
United States,,2021-02-16,1,0.0,0.0,0.0,0.0,0.0,0.0,0.0,0.0,0.0,0.0,2.0,0.0
United States,,2021-02-17,1,0.0,0.0,0.0,0.0,0.0,0.0,0.0,0.0,0.0,0.0,2.0,0.0
United States,,2021-02-18,1,0.0,0.0,0.0,0.0,0.0,0.0,0.0,0.0,0.0,0.0,2.0,0.0
United States,,2021-02-19,1,0.0,0.0,0.0,0.0,0.0,0.0,0.0,0.0,0.0,0.0,2.0,0.0
United States,,2021-02-20,1,0.0,0.0,0.0,0.0,0.0,0.0,0.0,0.0,0.0,0.0,2.0,0.0
United States,,2021-02-21,1,0.0,0.0,0.0,0.0,0.0,0.0,0.0,0.0,0.0,0.0,2.0,0.0
United States,,2021-02-22,1,0.0,0.0,0.0,0.0,0.0,0.0,0.0,0.0,0.0,0.0,2.0,0.0
United States,,2021-02-23,1,0.0,0.0,0.0,0.0,0.0,0.0,0.0,0.0,0.0,0.0,2.0,0.0
United States,,2021-02-24,1,0.0,0.0,0.0,0.0,0.0,0.0,0.0,0.0,0.0,0.0,2.0,0.0
United States,,2021-02-25,1,0.0,0.0,0.0,0.0,0.0,0.0,0.0,0.0,0.0,0.0,2.0,0.0
United States,,2021-02-26,1,0.0,0.0,0.0,0.0,0.0,0.0,0.0,0.0,0.0,0.0,2.0,0.0
United States,,2021-02-27,1,0.0,0.0,0.0,0.0,0.0,0.0,0.0,0.0,0.0,0.0,2.0,0.0
United States,,2021-02-28,1,0.0,0.0,0.0,0.0,0.0,0.0,0.0,0.0,0.0,0.0,2.0,0.0
United States,,2021-03-01,1,0.0,0.0,0.0,0.0,0.0,0.0,0.0,0.0,0.0,0.0,2.0,0.0
United States,,2021-03-02,1,0.0,0.0,0.0,0.0,0.0,0.0,0.0,0.0,0.0,0.0,2.0,0.0
United States,,2021-03-03,1,0.0,0.0,0.0,0.0,0.0,0.0,0.0,0.0,0.0,0.0,2.0,0.0
United States,,2021-03-04,1,0.0,0.0,0.0,0.0,0.0,0.0,0.0,0.0,0.0,0.0,2.0,0.0
United States,,2021-03-05,1,0.0,0.0,0.0,0.0,0.0,0.0,0.0,0.0,0.0,0.0,2.0,0.0
United States,,2021-03-06,1,0.0,0.0,0.0,0.0,0.0,0.0,0.0,0.0,0.0,0.0,2.0,0.0
United States,,2021-03-07,1,0.0,0.0,0.0,0.0,0.0,0.0,0.0,0.0,0.0,0.0,2.0,0.0
United States,,2021-03-08,1,0.0,0.0,0.0,0.0,0.0,0.0,0.0,0.0,0.0,0.0,2.0,0.0
United States,,2021-02-09,2,0.0,3.0,0.0,0.0,0.0,0.0,0.0,0.0,0.0,0.0,0.0,0.0
United States,,2021-02-10,2,0.0,3.0,0.0,0.0,0.0,0.0,0.0,0.0,0.0,0.0,0.0,0.0
United States,,2021-02-11,2,0.0,3.0,0.0,0.0,0.0,0.0,0.0,0.0,0.0,0.0,0.0,0.0
United States,,2021-02-12,2,0.0,3.0,0.0,0.0,0.0,0.0,0.0,0.0,0.0,0.0,0.0,0.0
United States,,2021-02-13,2,0.0,3.0,0.0,0.0,0.0,0.0,0.0,0.0,0.0,0.0,0.0,0.0
United States,,2021-02-14,2,0.0,3.0,0.0,0.0,0.0,0.0,0.0,0.0,0.0,0.0,0.0,0.0
United States,,2021-02-15,2,0.0,3.0,0.0,0.0,0.0,0.0,0.0,0.0,0.0,0.0,0.0,0.0
United States,,2021-02-16,2,0.0,3.0,0.0,0.0,0.0,0.0,0.0,0.0,0.0,0.0,0.0,0.0
United States,,2021-02-17,2,0.0,3.0,0.0,0.0,0.0,0.0,0.0,0.0,0.0,0.0,0.0,0.0
United States,,2021-02-18,2,0.0,3.0,0.0,0.0,0.0,0.0,0.0,0.0,0.0,0.0,0.0,0.0
United States,,2021-02-19,2,0.0,3.0,0.0,0.0,0.0,0.0,0.0,0.0,0.0,0.0,0.0,0.0
United States,,2021-02-20,2,0.0,3.0,0.0,0.0,0.0,0.0,0.0,0.0,0.0,0.0,0.0,0.0
United States,,2021-02-21,2,0.0,3.0,0.0,0.0,0.0,0.0,0.0,0.0,0.0,0.0,0.0,0.0
United States,,2021-02-22,2,0.0,3.0,0.0,0.0,0.0,0.0,0.0,0.0,0.0,0.0,0.0,0.0
United States,,2021-02-23,2,0.0,3.0,0.0,0.0,0.0,0.0,0.0,0.0,0.0,0.0,0.0,0.0
United States,,2021-02-24,2,0.0,3.0,0.0,0.0,0.0,0.0,0.0,0.0,0.0,0.0,0.0,0.0
United States,,2021-02-25,2,0.0,3.0,0.0,0.0,0.0,0.0,0.0,0.0,0.0,0.0,0.0,0.0
United States,,2021-02-26,2,0.0,3.0,0.0,0.0,0.0,0.0,0.0,0.0,0.0,0.0,0.0,0.0
United States,,2021-02-27,2,0.0,3.0,0.0,0.0,0.0,0.0,0.0,0.0,0.0,0.0,0.0,0.0
United States,,2021-02-28,2,0.0,3.0,0.0,0.0,0.0,0.0,0.0,0.0,0.0,0.0,0.0,0.0
United States,,2021-03-01,2,0.0,3.0,0.0,0.0,0.0,0.0,0.0,0.0,0.0,0.0,0.0,0.0
United States,,2021-03-02,2,0.0,3.0,0.0,0.0,0.0,0.0,0.0,0.0,0.0,0.0,0.0,0.0
United States,,2021-03-03,2,0.0,3.0,0.0,0.0,0.0,0.0,0.0,0.0,0.0,0.0,0.0,0.0
United States,,2021-03-04,2,0.0,3.0,0.0,0.0,0.0,0.0,0.0,0.0,0.0,0.0,0.0,0.0
United States,,2021-03-05,2,0.0,3.0,0.0,0.0,0.0,0.0,0.0,0.0,0.0,0.0,0.0,0.0
United States,,2021-03-06,2,0.0,3.0,0.0,0.0,0.0,0.0,0.0,0.0,0.0,0.0,0.0,0.0
United States,,2021-03-07,2,0.0,3.0,0.0,0.0,0.0,0.0,0.0,0.0,0.0,0.0,0.0,0.0
United States,,2021-03-08,2,0.0,3.0,0.0,0.0,0.0,0.0,0.0,0.0,0.0,0.0,0.0,0.0
United States,,2021-02-09,3,3.0,3.0,0.0,0.0,0.0,0.0,0.0,0.0,0.0,0.0,0.0,0.0
United States,,2021-02-10,3,3.0,3.0,0.0,0.0,0.0,0.0,0.0,0.0,0.0,0.0,0.0,0.0
United States,,2021-02-11,3,3.0,3.0,0.0,0.0,0.0,0.0,0.0,0.0,0.0,0.0,0.0,0.0
United States,,2021-02-12,3,3.0,3.0,0.0,0.0,0.0,0.0,0.0,0.0,0.0,0.0,0.0,0.0
United States,,2021-02-13,3,3.0,3.0,0.0,0.0,0.0,0.0,0.0,0.0,0.0,0.0,0.0,0.0
United States,,2021-02-14,3,3.0,3.0,0.0,0.0,0.0,0.0,0.0,0.0,0.0,0.0,0.0,0.0
United States,,2021-02-15,3,3.0,3.0,0.0,0.0,0.0,0.0,0.0,0.0,0.0,0.0,0.0,0.0
United States,,2021-02-16,3,3.0,3.0,0.0,0.0,0.0,0.0,0.0,0.0,0.0,0.0,0.0,0.0
United States,,2021-02-17,3,3.0,3.0,0.0,0.0,0.0,0.0,0.0,0.0,0.0,0.0,0.0,0.0
United States,,2021-02-18,3,3.0,3.0,0.0,0.0,0.0,0.0,0.0,0.0,0.0,0.0,0.0,0.0
United States,,2021-02-19,3,3.0,3.0,0.0,0.0,0.0,0.0,0.0,0.0,0.0,0.0,0.0,0.0
United States,,2021-02-20,3,3.0,3.0,0.0,0.0,0.0,0.0,0.0,0.0,0.0,0.0,0.0,0.0
United States,,2021-02-21,3,3.0,3.0,0.0,0.0,0.0,0.0,0.0,0.0,0.0,0.0,0.0,0.0
United States,,2021-02-22,3,3.0,3.0,0.0,0.0,0.0,0.0,0.0,0.0,0.0,0.0,0.0,0.0
United States,,2021-02-23,3,3.0,0.0,0.0,0.0,0.0,0.0,0.0,0.0,0.0,0.0,0.0,0.0
United States,,2021-02-24,3,3.0,0.0,0.0,0.0,0.0,0.0,0.0,0.0,0.0,0.0,0.0,0.0
United States,,2021-02-25,3,3.0,0.0,0.0,0.0,0.0,0.0,0.0,0.0,0.0,0.0,0.0,0.0
United States,,2021-02-26,3,3.0,0.0,0.0,0.0,0.0,0.0,0.0,0.0,0.0,0.0,0.0,0.0
United States,,2021-02-27,3,3.0,0.0,0.0,0.0,0.0,0.0,0.0,0.0,0.0,0.0,0.0,0.0
United States,,2021-02-28,3,3.0,0.0,0.0,0.0,0.0,0.0,0.0,0.0,0.0,0.0,0.0,0.0
United States,,2021-03-01,3,3.0,0.0,0.0,0.0,0.0,0.0,0.0,0.0,0.0,0.0,0.0,0.0
United States,,2021-03-02,3,3.0,0.0,0.0,0.0,0.0,0.0,0.0,0.0,0.0,0.0,0.0,0.0
United States,,2021-03-03,3,3.0,0.0,0.0,0.0,0.0,0.0,0.0,0.0,0.0,0.0,0.0,0.0
United States,,2021-03-04,3,3.0,0.0,0.0,0.0,0.0,0.0,0.0,0.0,0.0,0.0,0.0,0.0
United States,,2021-03-05,3,3.0,0.0,0.0,0.0,0.0,0.0,0.0,0.0,0.0,0.0,0.0,0.0
United States,,2021-03-06,3,3.0,0.0,0.0,0.0,0.0,0.0,0.0,0.0,0.0,0.0,0.0,0.0
United States,,2021-03-07,3,3.0,0.0,0.0,0.0,0.0,0.0,0.0,0.0,0.0,0.0,0.0,0.0
United States,,2021-03-08,3,3.0,0.0,0.0,0.0,0.0,0.0,0.0,0.0,0.0,0.0,0.0,0.0
United States,,2021-02-09,4,0.0,3.0,0.0,0.0,2.0,3.0,0.0,4.0,0.0,0.0,2.0,0.0
United States,,2021-02-10,4,0.0,3.0,0.0,0.0,2.0,3.0,0.0,4.0,0.0,0.0,2.0,0.0
United States,,2021-02-11,4,0.0,3.0,0.0,0.0,2.0,3.0,0.0,4.0,0.0,0.0,2.0,0.0
United States,,2021-02-12,4,0.0,3.0,0.0,0.0,2.0,3.0,0.0,4.0,0.0,0.0,2.0,0.0
United States,,2021-02-13,4,0.0,3.0,0.0,0.0,2.0,3.0,0.0,4.0,0.0,0.0,2.0,0.0
United States,,2021-02-14,4,0.0,3.0,0.0,0.0,2.0,3.0,0.0,4.0,0.0,0.0,2.0,0.0
United States,,2021-02-15,4,0.0,3.0,0.0,0.0,2.0,3.0,0.0,4.0,0.0,0.0,2.0,0.0
United States,,2021-02-16,4,0.0,3.0,0.0,0.0,2.0,3.0,0.0,4.0,0.0,0.0,2.0,0.0
United States,,2021-02-17,4,0.0,3.0,0.0,0.0,2.0,3.0,0.0,4.0,0.0,0.0,2.0,0.0
United States,,2021-02-18,4,0.0,3.0,0.0,0.0,2.0,3.0,0.0,4.0,0.0,0.0,2.0,0.0
United States,,2021-02-19,4,0.0,3.0,0.0,0.0,2.0,3.0,0.0,4.0,0.0,0.0,2.0,0.0
United States,,2021-02-20,4,0.0,3.0,0.0,0.0,2.0,3.0,0.0,4.0,0.0,0.0,2.0,0.0
United States,,2021-02-21,4,0.0,3.0,0.0,0.0,2.0,3.0,0.0,4.0,0.0,0.0,2.0,0.0
United States,,2021-02-22,4,0.0,3.0,0.0,0.0,2.0,3.0,0.0,4.0,0.0,0.0,2.0,0.0
United States,,2021-02-23,4,0.0,3.0,0.0,0.0,2.0,3.0,0.0,4.0,0.0,0.0,2.0,0.0
United States,,2021-02-24,4,0.0,3.0,0.0,0.0,2.0,3.0,0.0,4.0,0.0,0.0,2.0,0.0
United States,,2021-02-25,4,0.0,3.0,0.0,0.0,2.0,3.0,0.0,4.0,0.0,0.0,2.0,0.0
United States,,2021-02-26,4,0.0,3.0,0.0,0.0,2.0,3.0,0.0,4.0,0.0,0.0,2.0,0.0
United States,,2021-02-27,4,0.0,3.0,0.0,0.0,2.0,3.0,0.0,4.0,0.0,0.0,2.0,0.0
United States,,2021-02-28,4,0.0,3.0,0.0,0.0,2.0,3.0,0.0,4.0,0.0,0.0,2.0,0.0
United States,,2021-03-01,4,0.0,3.0,0.0,0.0,2.0,3.0,0.0,4.0,0.0,0.0,2.0,0.0
United States,,2021-03-02,4,0.0,3.0,0.0,0.0,2.0,3.0,0.0,4.0,0.0,0.0,2.0,0.0
United States,,2021-03-03,4,0.0,3.0,0.0,0.0,2.0,3.0,0.0,4.0,0.0,0.0,2.0,0.0
United States,,2021-03-04,4,0.0,3.0,0.0,0.0,2.0,3.0,0.0,4.0,0.0,0.0,2.0,0.0
United States,,2021-03-05,4,0.0,3.0,0.0,0.0,2.0,3.0,0.0,4.0,0.0,0.0,2.0,0.0
United States,,2021-03-06,4,0.0,3.0,0.0,0.0,2.0,3.0,0.0,4.0,0.0,0.0,2.0,0.0
United States,,2021-03-07,4,0.0,3.0,0.0,0.0,2.0,3.0,0.0,4.0,0.0,0.0,2.0,0.0
United States,,2021-03-08,4,0.0,3.0,0.0,0.0,2.0,3.0,0.0,4.0,0.0,0.0,2.0,0.0
United States,,2021-02-09,5,3.0,3.0,0.0,0.0,0.0,2.0,0.0,0.0,0.0,3.0,0.0,0.0
United States,,2021-02-10,5,3.0,3.0,0.0,0.0,0.0,2.0,0.0,0.0,0.0,3.0,0.0,0.0
United States,,2021-02-11,5,3.0,3.0,0.0,0.0,0.0,2.0,0.0,0.0,0.0,3.0,0.0,0.0
United States,,2021-02-12,5,3.0,3.0,0.0,0.0,0.0,2.0,0.0,0.0,0.0,3.0,0.0,0.0
United States,,2021-02-13,5,3.0,3.0,0.0,0.0,0.0,2.0,0.0,0.0,0.0,3.0,0.0,0.0
United States,,2021-02-14,5,3.0,3.0,0.0,0.0,0.0,2.0,0.0,0.0,0.0,3.0,0.0,0.0
United States,,2021-02-15,5,3.0,3.0,0.0,0.0,0.0,2.0,0.0,0.0,0.0,3.0,0.0,0.0
United States,,2021-02-16,5,3.0,3.0,0.0,0.0,0.0,2.0,0.0,0.0,0.0,3.0,0.0,0.0
United States,,2021-02-17,5,3.0,3.0,0.0,0.0,0.0,2.0,0.0,0.0,0.0,3.0,0.0,0.0
United States,,2021-02-18,5,3.0,3.0,0.0,0.0,0.0,2.0,0.0,0.0,0.0,3.0,0.0,0.0
United States,,2021-02-19,5,3.0,3.0,0.0,0.0,0.0,2.0,0.0,0.0,0.0,3.0,0.0,0.0
United States,,2021-02-20,5,3.0,3.0,0.0,0.0,0.0,2.0,0.0,0.0,0.0,3.0,0.0,0.0
United States,,2021-02-21,5,3.0,3.0,0.0,0.0,0.0,2.0,0.0,0.0,0.0,3.0,0.0,0.0
United States,,2021-02-22,5,3.0,3.0,0.0,0.0,0.0,2.0,0.0,0.0,0.0,3.0,0.0,0.0
United States,,2021-02-23,5,3.0,3.0,0.0,0.0,0.0,0.0,0.0,0.0,0.0,3.0,0.0,0.0
United States,,2021-02-24,5,3.0,3.0,0.0,0.0,0.0,0.0,0.0,0.0,0.0,3.0,0.0,0.0
United States,,2021-02-25,5,3.0,3.0,0.0,0.0,0.0,0.0,0.0,0.0,0.0,3.0,0.0,0.0
United States,,2021-02-26,5,3.0,3.0,0.0,0.0,0.0,0.0,0.0,0.0,0.0,3.0,0.0,0.0
United States,,2021-02-27,5,3.0,3.0,0.0,0.0,0.0,0.0,0.0,0.0,0.0,3.0,0.0,0.0
United States,,2021-02-28,5,3.0,3.0,0.0,0.0,0.0,0.0,0.0,0.0,0.0,3.0,0.0,0.0
United States,,2021-03-01,5,3.0,3.0,0.0,0.0,0.0,0.0,0.0,0.0,0.0,3.0,0.0,0.0
United States,,2021-03-02,5,3.0,3.0,0.0,0.0,0.0,0.0,0.0,0.0,0.0,3.0,0.0,0.0
United States,,2021-03-03,5,3.0,3.0,0.0,0.0,0.0,0.0,0.0,0.0,0.0,3.0,0.0,0.0
United States,,2021-03-04,5,3.0,3.0,0.0,0.0,0.0,0.0,0.0,0.0,0.0,3.0,0.0,0.0
United States,,2021-03-05,5,3.0,3.0,0.0,0.0,0.0,0.0,0.0,0.0,0.0,3.0,0.0,0.0
United States,,2021-03-06,5,3.0,3.0,0.0,0.0,0.0,0.0,0.0,0.0,0.0,3.0,0.0,0.0
United States,,2021-03-07,5,3.0,3.0,0.0,0.0,0.0,0.0,0.0,0.0,0.0,3.0,0.0,0.0
United States,,2021-03-08,5,3.0,3.0,0.0,0.0,0.0,0.0,0.0,0.0,0.0,3.0,0.0,0.0
United States,,2021-02-09,6,3.0,3.0,0.0,0.0,2.0,0.0,2.0,0.0,2.0,3.0,0.0,0.0
United States,,2021-02-10,6,3.0,3.0,0.0,0.0,2.0,0.0,2.0,0.0,2.0,3.0,0.0,0.0
United States,,2021-02-11,6,3.0,3.0,0.0,0.0,2.0,0.0,2.0,0.0,2.0,3.0,0.0,0.0
United States,,2021-02-12,6,3.0,3.0,0.0,0.0,2.0,0.0,2.0,0.0,2.0,3.0,0.0,0.0
United States,,2021-02-13,6,3.0,3.0,0.0,0.0,2.0,0.0,2.0,0.0,2.0,3.0,0.0,0.0
United States,,2021-02-14,6,3.0,3.0,0.0,0.0,2.0,0.0,2.0,0.0,2.0,3.0,0.0,0.0
United States,,2021-02-15,6,3.0,3.0,0.0,0.0,2.0,0.0,2.0,0.0,2.0,3.0,0.0,0.0
United States,,2021-02-16,6,3.0,3.0,0.0,0.0,2.0,0.0,2.0,0.0,2.0,3.0,0.0,0.0
United States,,2021-02-17,6,3.0,3.0,0.0,0.0,2.0,0.0,2.0,0.0,2.0,3.0,0.0,0.0
United States,,2021-02-18,6,3.0,3.0,0.0,0.0,2.0,0.0,2.0,0.0,2.0,3.0,0.0,0.0
United States,,2021-02-19,6,3.0,3.0,0.0,0.0,2.0,0.0,2.0,0.0,2.0,3.0,0.0,0.0
United States,,2021-02-20,6,3.0,3.0,0.0,0.0,2.0,0.0,2.0,0.0,2.0,3.0,0.0,0.0
United States,,2021-02-21,6,3.0,3.0,0.0,0.0,2.0,0.0,2.0,0.0,2.0,3.0,0.0,0.0
United States,,2021-02-22,6,3.0,3.0,0.0,0.0,2.0,0.0,2.0,0.0,2.0,3.0,0.0,0.0
United States,,2021-02-23,6,3.0,3.0,0.0,0.0,2.0,0.0,2.0,0.0,2.0,3.0,0.0,0.0
United States,,2021-02-24,6,3.0,3.0,0.0,0.0,2.0,0.0,2.0,0.0,2.0,3.0,0.0,0.0
United States,,2021-02-25,6,3.0,3.0,0.0,0.0,2.0,0.0,2.0,0.0,2.0,3.0,0.0,0.0
United States,,2021-02-26,6,3.0,3.0,0.0,0.0,2.0,0.0,2.0,0.0,2.0,3.0,0.0,0.0
United States,,2021-02-27,6,3.0,3.0,0.0,0.0,2.0,0.0,2.0,0.0,2.0,3.0,0.0,0.0
United States,,2021-02-28,6,3.0,3.0,0.0,0.0,2.0,0.0,2.0,0.0,2.0,3.0,0.0,0.0
United States,,2021-03-01,6,3.0,3.0,0.0,0.0,2.0,0.0,2.0,0.0,2.0,3.0,0.0,0.0
United States,,2021-03-02,6,3.0,3.0,0.0,0.0,2.0,0.0,2.0,0.0,2.0,3.0,0.0,0.0
United States,,2021-03-03,6,3.0,3.0,0.0,0.0,2.0,0.0,2.0,0.0,2.0,3.0,0.0,0.0
United States,,2021-03-04,6,3.0,3.0,0.0,0.0,2.0,0.0,2.0,0.0,2.0,3.0,0.0,0.0
United States,,2021-03-05,6,3.0,3.0,0.0,0.0,2.0,0.0,2.0,0.0,2.0,3.0,0.0,0.0
United States,,2021-03-06,6,3.0,3.0,0.0,0.0,2.0,0.0,2.0,0.0,2.0,3.0,0.0,0.0
United States,,2021-03-07,6,3.0,3.0,0.0,0.0,2.0,0.0,2.0,0.0,2.0,3.0,0.0,0.0
United States,,2021-03-08,6,3.0,3.0,0.0,0.0,2.0,0.0,2.0,0.0,2.0,3.0,0.0,0.0
United States,,2021-02-09,7,3.0,3.0,0.0,4.0,2.0,3.0,0.0,4.0,0.0,0.0,2.0,0.0
United States,,2021-02-10,7,3.0,3.0,0.0,4.0,2.0,3.0,0.0,4.0,0.0,0.0,2.0,0.0
United States,,2021-02-11,7,3.0,3.0,0.0,4.0,2.0,3.0,0.0,4.0,0.0,0.0,2.0,0.0
United States,,2021-02-12,7,3.0,3.0,0.0,4.0,2.0,3.0,0.0,4.0,0.0,0.0,2.0,0.0
United States,,2021-02-13,7,3.0,3.0,0.0,4.0,2.0,3.0,0.0,4.0,0.0,0.0,2.0,0.0
United States,,2021-02-14,7,3.0,3.0,0.0,4.0,2.0,3.0,0.0,4.0,0.0,0.0,2.0,0.0
United States,,2021-02-15,7,3.0,3.0,0.0,4.0,2.0,3.0,0.0,4.0,0.0,0.0,2.0,0.0
United States,,2021-02-16,7,3.0,3.0,0.0,4.0,2.0,3.0,0.0,4.0,0.0,0.0,2.0,0.0
United States,,2021-02-17,7,3.0,3.0,0.0,4.0,2.0,3.0,0.0,4.0,0.0,0.0,2.0,0.0
United States,,2021-02-18,7,3.0,3.0,0.0,4.0,2.0,3.0,0.0,4.0,0.0,0.0,2.0,0.0
United States,,2021-02-19,7,3.0,3.0,0.0,4.0,2.0,3.0,0.0,4.0,0.0,0.0,2.0,0.0
United States,,2021-02-20,7,3.0,3.0,0.0,4.0,2.0,3.0,0.0,4.0,0.0,0.0,2.0,0.0
United States,,2021-02-21,7,3.0,3.0,0.0,4.0,2.0,3.0,0.0,4.0,0.0,0.0,2.0,0.0
United States,,2021-02-22,7,3.0,3.0,0.0,4.0,2.0,3.0,0.0,4.0,0.0,0.0,2.0,0.0
United States,,2021-02-23,7,3.0,3.0,0.0,4.0,2.0,3.0,0.0,4.0,0.0,0.0,2.0,0.0
United States,,2021-02-24,7,3.0,3.0,0.0,4.0,2.0,3.0,0.0,4.0,0.0,0.0,2.0,0.0
United States,,2021-02-25,7,3.0,3.0,0.0,4.0,2.0,3.0,0.0,4.0,0.0,0.0,2.0,0.0
United States,,2021-02-26,7,3.0,3.0,0.0,4.0,2.0,3.0,0.0,4.0,0.0,0.0,2.0,0.0
United States,,2021-02-27,7,3.0,3.0,0.0,4.0,2.0,3.0,0.0,4.0,0.0,0.0,2.0,0.0
United States,,2021-02-28,7,3.0,3.0,0.0,4.0,2.0,3.0,0.0,4.0,0.0,0.0,2.0,0.0
United States,,2021-03-01,7,3.0,3.0,0.0,4.0,2.0,3.0,0.0,4.0,0.0,0.0,2.0,0.0
United States,,2021-03-02,7,3.0,3.0,0.0,4.0,2.0,3.0,0.0,4.0,0.0,0.0,2.0,0.0
United States,,2021-03-03,7,3.0,3.0,0.0,4.0,2.0,3.0,0.0,4.0,0.0,0.0,2.0,0.0
United States,,2021-03-04,7,3.0,3.0,0.0,4.0,2.0,3.0,0.0,4.0,0.0,0.0,2.0,0.0
United States,,2021-03-05,7,3.0,3.0,0.0,4.0,2.0,3.0,0.0,4.0,0.0,0.0,2.0,0.0
United States,,2021-03-06,7,3.0,3.0,0.0,4.0,2.0,3.0,0.0,4.0,0.0,0.0,2.0,0.0
United States,,2021-03-07,7,3.0,3.0,0.0,4.0,2.0,3.0,0.0,4.0,0.0,0.0,2.0,0.0
United States,,2021-03-08,7,3.0,3.0,0.0,4.0,2.0,3.0,0.0,4.0,0.0,0.0,2.0,0.0
United States,,2021-02-09,8,3.0,3.0,0.0,4.0,2.0,3.0,2.0,4.0,0.0,0.0,2.0,0.0
United States,,2021-02-10,8,3.0,3.0,0.0,4.0,2.0,3.0,2.0,4.0,0.0,0.0,2.0,0.0
United States,,2021-02-11,8,3.0,3.0,0.0,4.0,2.0,3.0,2.0,4.0,0.0,0.0,2.0,0.0
United States,,2021-02-12,8,3.0,3.0,0.0,4.0,2.0,3.0,2.0,4.0,0.0,0.0,2.0,0.0
United States,,2021-02-13,8,3.0,3.0,0.0,4.0,2.0,3.0,2.0,4.0,0.0,0.0,2.0,0.0
United States,,2021-02-14,8,3.0,3.0,0.0,4.0,2.0,3.0,2.0,4.0,0.0,0.0,2.0,0.0
United States,,2021-02-15,8,3.0,3.0,0.0,4.0,2.0,3.0,2.0,4.0,0.0,0.0,2.0,0.0
United States,,2021-02-16,8,3.0,3.0,0.0,4.0,2.0,3.0,2.0,4.0,0.0,0.0,2.0,0.0
United States,,2021-02-17,8,3.0,3.0,0.0,4.0,2.0,3.0,2.0,4.0,0.0,0.0,2.0,0.0
United States,,2021-02-18,8,3.0,3.0,0.0,4.0,2.0,3.0,2.0,4.0,0.0,0.0,2.0,0.0
United States,,2021-02-19,8,3.0,3.0,0.0,4.0,2.0,3.0,2.0,4.0,0.0,0.0,2.0,0.0
United States,,2021-02-20,8,3.0,3.0,0.0,4.0,2.0,3.0,2.0,4.0,0.0,0.0,2.0,0.0
United States,,2021-02-21,8,3.0,3.0,0.0,4.0,2.0,3.0,2.0,4.0,0.0,0.0,2.0,0.0
United States,,2021-02-22,8,3.0,3.0,0.0,4.0,2.0,3.0,2.0,4.0,0.0,0.0,2.0,0.0
United States,,2021-02-23,8,3.0,3.0,0.0,4.0,2.0,3.0,2.0,4.0,0.0,0.0,2.0,0.0
United States,,2021-02-24,8,3.0,3.0,0.0,4.0,2.0,3.0,2.0,4.0,0.0,0.0,2.0,0.0
United States,,2021-02-25,8,3.0,3.0,0.0,4.0,2.0,3.0,2.0,4.0,0.0,0.0,2.0,0.0
United States,,2021-02-26,8,3.0,3.0,0.0,4.0,2.0,3.0,2.0,4.0,0.0,0.0,2.0,0.0
United States,,2021-02-27,8,3.0,3.0,0.0,4.0,2.0,3.0,2.0,4.0,0.0,0.0,2.0,0.0
United States,,2021-02-28,8,3.0,3.0,0.0,4.0,2.0,3.0,2.0,4.0,0.0,0.0,2.0,0.0
United States,,2021-03-01,8,3.0,3.0,0.0,4.0,2.0,3.0,2.0,4.0,0.0,0.0,2.0,0.0
United States,,2021-03-02,8,3.0,3.0,0.0,4.0,2.0,3.0,2.0,4.0,0.0,0.0,2.0,0.0
United States,,2021-03-03,8,3.0,3.0,0.0,4.0,2.0,3.0,2.0,4.0,0.0,0.0,2.0,0.0
United States,,2021-03-04,8,3.0,3.0,0.0,4.0,2.0,3.0,2.0,4.0,0.0,0.0,2.0,0.0
United States,,2021-03-05,8,3.0,3.0,0.0,4.0,2.0,3.0,2.0,4.0,0.0,0.0,2.0,0.0
United States,,2021-03-06,8,3.0,3.0,0.0,4.0,2.0,3.0,2.0,4.0,0.0,0.0,2.0,0.0
United States,,2021-03-07,8,3.0,3.0,0.0,4.0,2.0,3.0,2.0,4.0,0.0,0.0,2.0,0.0
United States,,2021-03-08,8,3.0,3.0,0.0,4.0,2.0,3.0,2.0,4.0,0.0,0.0,2.0,0.0
United States,,2021-02-09,9,3.0,3.0,2.0,4.0,2.0,3.0,2.0,4.0,2.0,3.0,2.0,4.0
United States,,2021-02-10,9,3.0,3.0,2.0,4.0,2.0,3.0,2.0,4.0,2.0,3.0,2.0,4.0
United States,,2021-02-11,9,3.0,3.0,2.0,4.0,2.0,3.0,2.0,4.0,2.0,3.0,2.0,4.0
United States,,2021-02-12,9,3.0,3.0,2.0,4.0,2.0,3.0,2.0,4.0,2.0,3.0,2.0,4.0
United States,,2021-02-13,9,3.0,3.0,2.0,4.0,2.0,3.0,2.0,4.0,2.0,3.0,2.0,4.0
United States,,2021-02-14,9,3.0,3.0,2.0,4.0,2.0,3.0,2.0,4.0,2.0,3.0,2.0,4.0
United States,,2021-02-15,9,3.0,3.0,2.0,4.0,2.0,3.0,2.0,4.0,2.0,3.0,2.0,4.0
United States,,2021-02-16,9,3.0,3.0,2.0,4.0,2.0,3.0,2.0,4.0,2.0,3.0,2.0,4.0
United States,,2021-02-17,9,3.0,3.0,2.0,4.0,2.0,3.0,2.0,4.0,2.0,3.0,2.0,4.0
United States,,2021-02-18,9,3.0,3.0,2.0,4.0,2.0,3.0,2.0,4.0,2.0,3.0,2.0,4.0
United States,,2021-02-19,9,3.0,3.0,2.0,4.0,2.0,3.0,2.0,4.0,2.0,3.0,2.0,4.0
United States,,2021-02-20,9,3.0,3.0,2.0,4.0,2.0,3.0,2.0,4.0,2.0,3.0,2.0,4.0
United States,,2021-02-21,9,3.0,3.0,2.0,4.0,2.0,3.0,2.0,4.0,2.0,3.0,2.0,4.0
United States,,2021-02-22,9,3.0,3.0,2.0,4.0,2.0,3.0,2.0,4.0,2.0,3.0,2.0,4.0
United States,,2021-02-23,9,3.0,3.0,2.0,4.0,2.0,3.0,0.0,4.0,0.0,3.0,2.0,4.0
United States,,2021-02-24,9,3.0,3.0,2.0,4.0,2.0,3.0,0.0,4.0,0.0,3.0,2.0,4.0
United States,,2021-02-25,9,3.0,3.0,2.0,4.0,2.0,3.0,0.0,4.0,0.0,3.0,2.0,4.0
United States,,2021-02-26,9,3.0,3.0,2.0,4.0,2.0,3.0,0.0,4.0,0.0,3.0,2.0,4.0
United States,,2021-02-27,9,3.0,3.0,2.0,4.0,2.0,3.0,0.0,4.0,0.0,3.0,2.0,4.0
United States,,2021-02-28,9,3.0,3.0,2.0,4.0,2.0,3.0,0.0,4.0,0.0,3.0,2.0,4.0
United States,,2021-03-01,9,3.0,3.0,2.0,4.0,2.0,3.0,0.0,4.0,0.0,3.0,2.0,4.0
United States,,2021-03-02,9,3.0,3.0,2.0,4.0,2.0,3.0,0.0,4.0,0.0,3.0,2.0,4.0
United States,,2021-03-03,9,3.0,3.0,2.0,4.0,2.0,3.0,0.0,4.0,0.0,3.0,2.0,4.0
United States,,2021-03-04,9,3.0,3.0,2.0,4.0,2.0,3.0,0.0,4.0,0.0,3.0,2.0,4.0
United States,,2021-03-05,9,3.0,3.0,2.0,4.0,2.0,3.0,0.0,4.0,0.0,3.0,2.0,4.0
United States,,2021-03-06,9,3.0,3.0,2.0,4.0,2.0,3.0,0.0,4.0,0.0,3.0,2.0,4.0
United States,,2021-03-07,9,3.0,3.0,2.0,4.0,2.0,3.0,0.0,4.0,0.0,3.0,2.0,4.0
United States,,2021-03-08,9,3.0,3.0,2.0,4.0,2.0,3.0,0.0,4.0,0.0,3.0,2.0,4.0
